org-slug,org-id,dep-id,dep-name,dep-version,latest-version,latest-version-published-date,first-published-date,is-deprecated,license,project-name,project-id,project-url
customer-b,058d8c31-2bb9-4bac-84d8-03516b798457,cglib:cglib-nodep@3.3.0,cglib:cglib-nodep,3.3.0,3.3.0,2019-08-12T14:29:54.000Z,2005-08-01T09:28:22.000Z,false,Apache-2.0 license,joe-shope/WebGoat(main):pom.xml,3862e69c-b414-48b0-932e-cb4d59e4416c,https://app.snyk.io/org/customer-b/project/3862e69c-b414-48b0-932e-cb4d59e4416c
customer-b,058d8c31-2bb9-4bac-84d8-03516b798457,ch.qos.logback:logback-classic@1.4.11,ch.qos.logback:logback-classic,1.4.11,1.5.18,2025-03-18T12:47:58.000Z,2006-08-23T16:43:32.000Z,false,Dual license: EPL-1.0; LGPL-2.1,joe-shope/WebGoat(main):pom.xml,3862e69c-b414-48b0-932e-cb4d59e4416c,https://app.snyk.io/org/customer-b/project/3862e69c-b414-48b0-932e-cb4d59e4416c
customer-b,058d8c31-2bb9-4bac-84d8-03516b798457,ch.qos.logback:logback-core@1.4.11,ch.qos.logback:logback-core,1.4.11,1.5.18,2025-03-18T12:47:13.000Z,2006-08-23T16:41:38.000Z,false,Dual license: EPL-1.0; LGPL-2.1,joe-shope/WebGoat(main):pom.xml,3862e69c-b414-48b0-932e-cb4d59e4416c,https://app.snyk.io/org/customer-b/project/3862e69c-b414-48b0-932e-cb4d59e4416c
customer-b,058d8c31-2bb9-4bac-84d8-03516b798457,com.auth0:java-jwt@4.4.0,com.auth0:java-jwt,4.4.0,4.5.0,2025-01-29T14:39:14.000Z,2014-03-07T21:09:53.000Z,false,MIT license,joe-shope/WebGoat(main):pom.xml,3862e69c-b414-48b0-932e-cb4d59e4416c,https://app.snyk.io/org/customer-b/project/3862e69c-b414-48b0-932e-cb4d59e4416c
customer-b,058d8c31-2bb9-4bac-84d8-03516b798457,com.auth0:jwks-rsa@0.22.1,com.auth0:jwks-rsa,0.22.1,0.22.1,2023-07-28T12:26:54.000Z,2016-08-30T18:51:03.000Z,false,MIT license,joe-shope/WebGoat(main):pom.xml,3862e69c-b414-48b0-932e-cb4d59e4416c,https://app.snyk.io/org/customer-b/project/3862e69c-b414-48b0-932e-cb4d59e4416c
customer-b,058d8c31-2bb9-4bac-84d8-03516b798457,com.beust:jcommander@1.82,com.beust:jcommander,1.82,1.82,2022-01-11T04:27:03.000Z,2010-07-15T15:34:04.000Z,false,Apache-2.0 license,joe-shope/WebGoat(main):pom.xml,3862e69c-b414-48b0-932e-cb4d59e4416c,https://app.snyk.io/org/customer-b/project/3862e69c-b414-48b0-932e-cb4d59e4416c
customer-b,058d8c31-2bb9-4bac-84d8-03516b798457,com.fasterxml:classmate@1.5.1,com.fasterxml:classmate,1.5.1,1.7.0,2024-01-03T01:13:08.000Z,2010-11-16T23:22:23.000Z,false,Apache-2.0 license,joe-shope/WebGoat(main):pom.xml,3862e69c-b414-48b0-932e-cb4d59e4416c,https://app.snyk.io/org/customer-b/project/3862e69c-b414-48b0-932e-cb4d59e4416c
customer-b,058d8c31-2bb9-4bac-84d8-03516b798457,com.fasterxml.jackson.core:jackson-annotations@2.15.3,com.fasterxml.jackson.core:jackson-annotations,2.15.3,2.18.3,2025-02-28T23:25:05.000Z,2012-02-19T07:13:41.000Z,false,Apache-2.0 license,joe-shope/WebGoat(main):pom.xml,3862e69c-b414-48b0-932e-cb4d59e4416c,https://app.snyk.io/org/customer-b/project/3862e69c-b414-48b0-932e-cb4d59e4416c
customer-b,058d8c31-2bb9-4bac-84d8-03516b798457,com.fasterxml.jackson.core:jackson-core@2.15.3,com.fasterxml.jackson.core:jackson-core,2.15.3,2.18.3,2025-02-28T23:29:09.000Z,2012-02-19T07:19:13.000Z,false,Apache-2.0 license,joe-shope/WebGoat(main):pom.xml,3862e69c-b414-48b0-932e-cb4d59e4416c,https://app.snyk.io/org/customer-b/project/3862e69c-b414-48b0-932e-cb4d59e4416c
customer-b,058d8c31-2bb9-4bac-84d8-03516b798457,com.fasterxml.jackson.core:jackson-databind@2.15.3,com.fasterxml.jackson.core:jackson-databind,2.15.3,2.18.3,2025-02-28T23:38:19.000Z,2012-02-19T08:05:21.000Z,false,Apache-2.0 license,joe-shope/WebGoat(main):pom.xml,3862e69c-b414-48b0-932e-cb4d59e4416c,https://app.snyk.io/org/customer-b/project/3862e69c-b414-48b0-932e-cb4d59e4416c
customer-b,058d8c31-2bb9-4bac-84d8-03516b798457,com.fasterxml.jackson.dataformat:jackson-dataformat-toml@2.15.3,com.fasterxml.jackson.dataformat:jackson-dataformat-toml,2.15.3,2.18.3,2025-03-01T00:20:21.000Z,2021-04-12T18:40:18.000Z,false,Apache-2.0 license,joe-shope/WebGoat(main):pom.xml,3862e69c-b414-48b0-932e-cb4d59e4416c,https://app.snyk.io/org/customer-b/project/3862e69c-b414-48b0-932e-cb4d59e4416c
customer-b,058d8c31-2bb9-4bac-84d8-03516b798457,com.fasterxml.jackson.datatype:jackson-datatype-jdk8@2.15.3,com.fasterxml.jackson.datatype:jackson-datatype-jdk8,2.15.3,2.18.3,2025-03-01T00:24:12.000Z,2014-10-09T03:57:45.000Z,false,Apache-2.0 license,joe-shope/WebGoat(main):pom.xml,3862e69c-b414-48b0-932e-cb4d59e4416c,https://app.snyk.io/org/customer-b/project/3862e69c-b414-48b0-932e-cb4d59e4416c
customer-b,058d8c31-2bb9-4bac-84d8-03516b798457,com.fasterxml.jackson.datatype:jackson-datatype-jsr310@2.15.3,com.fasterxml.jackson.datatype:jackson-datatype-jsr310,2.15.3,2.18.3,2025-03-01T00:24:16.000Z,2013-04-25T03:57:05.000Z,false,Apache-2.0 license,joe-shope/WebGoat(main):pom.xml,3862e69c-b414-48b0-932e-cb4d59e4416c,https://app.snyk.io/org/customer-b/project/3862e69c-b414-48b0-932e-cb4d59e4416c
customer-b,058d8c31-2bb9-4bac-84d8-03516b798457,com.fasterxml.jackson.module:jackson-module-parameter-names@2.15.3,com.fasterxml.jackson.module:jackson-module-parameter-names,2.15.3,2.18.3,2025-03-01T00:24:13.000Z,2014-06-03T05:06:25.000Z,false,Apache-2.0 license,joe-shope/WebGoat(main):pom.xml,3862e69c-b414-48b0-932e-cb4d59e4416c,https://app.snyk.io/org/customer-b/project/3862e69c-b414-48b0-932e-cb4d59e4416c
customer-b,058d8c31-2bb9-4bac-84d8-03516b798457,com.github.jnr:jffi@1.3.11,com.github.jnr:jffi,1.3.11,1.3.13,2024-02-14T18:16:29.000Z,2011-07-30T12:09:59.000Z,false,Apache-2.0 license,joe-shope/WebGoat(main):pom.xml,3862e69c-b414-48b0-932e-cb4d59e4416c,https://app.snyk.io/org/customer-b/project/3862e69c-b414-48b0-932e-cb4d59e4416c
customer-b,058d8c31-2bb9-4bac-84d8-03516b798457,com.github.jnr:jnr-a64asm@1.0.0,com.github.jnr:jnr-a64asm,1.0.0,1.0.0,2018-09-06T10:05:45.000Z,2018-09-06T10:05:45.000Z,false,Apache-2.0 license,joe-shope/WebGoat(main):pom.xml,3862e69c-b414-48b0-932e-cb4d59e4416c,https://app.snyk.io/org/customer-b/project/3862e69c-b414-48b0-932e-cb4d59e4416c
customer-b,058d8c31-2bb9-4bac-84d8-03516b798457,com.github.jnr:jnr-constants@0.10.4,com.github.jnr:jnr-constants,0.10.4,0.10.4,2022-11-15T18:16:02.000Z,2011-08-06T02:00:05.000Z,false,Apache-2.0 license,joe-shope/WebGoat(main):pom.xml,3862e69c-b414-48b0-932e-cb4d59e4416c,https://app.snyk.io/org/customer-b/project/3862e69c-b414-48b0-932e-cb4d59e4416c
customer-b,058d8c31-2bb9-4bac-84d8-03516b798457,com.github.jnr:jnr-enxio@0.32.15,com.github.jnr:jnr-enxio,0.32.15,0.32.18,2024-10-13T20:30:25.000Z,2012-09-23T22:25:17.000Z,false,Apache-2.0 license,joe-shope/WebGoat(main):pom.xml,3862e69c-b414-48b0-932e-cb4d59e4416c,https://app.snyk.io/org/customer-b/project/3862e69c-b414-48b0-932e-cb4d59e4416c
customer-b,058d8c31-2bb9-4bac-84d8-03516b798457,com.github.jnr:jnr-ffi@2.2.14,com.github.jnr:jnr-ffi,2.2.14,2.2.17,2024-10-13T20:16:31.000Z,2011-08-06T04:01:07.000Z,false,Apache-2.0 license,joe-shope/WebGoat(main):pom.xml,3862e69c-b414-48b0-932e-cb4d59e4416c,https://app.snyk.io/org/customer-b/project/3862e69c-b414-48b0-932e-cb4d59e4416c
customer-b,058d8c31-2bb9-4bac-84d8-03516b798457,com.github.jnr:jnr-netdb@1.2.0,com.github.jnr:jnr-netdb,1.2.0,1.2.0,2020-09-11T23:01:33.000Z,2011-08-07T08:43:39.000Z,false,Apache-2.0 license,joe-shope/WebGoat(main):pom.xml,3862e69c-b414-48b0-932e-cb4d59e4416c,https://app.snyk.io/org/customer-b/project/3862e69c-b414-48b0-932e-cb4d59e4416c
customer-b,058d8c31-2bb9-4bac-84d8-03516b798457,com.github.jnr:jnr-posix@3.1.17,com.github.jnr:jnr-posix,3.1.17,3.1.20,2024-10-13T20:29:11.000Z,2011-08-07T10:55:49.000Z,false,Multiple licenses: EPL-1.0; GPL-2.0; LGPL-2.1,joe-shope/WebGoat(main):pom.xml,3862e69c-b414-48b0-932e-cb4d59e4416c,https://app.snyk.io/org/customer-b/project/3862e69c-b414-48b0-932e-cb4d59e4416c
customer-b,058d8c31-2bb9-4bac-84d8-03516b798457,com.github.jnr:jnr-unixsocket@0.38.20,com.github.jnr:jnr-unixsocket,0.38.20,0.38.23,2024-10-13T20:34:24.000Z,2012-09-23T23:20:07.000Z,false,Apache-2.0 license,joe-shope/WebGoat(main):pom.xml,3862e69c-b414-48b0-932e-cb4d59e4416c,https://app.snyk.io/org/customer-b/project/3862e69c-b414-48b0-932e-cb4d59e4416c
customer-b,058d8c31-2bb9-4bac-84d8-03516b798457,com.github.jnr:jnr-x86asm@1.0.2,com.github.jnr:jnr-x86asm,1.0.2,1.0.2,2012-04-07T02:50:16.000Z,2011-07-30T09:48:20.000Z,false,MIT license,joe-shope/WebGoat(main):pom.xml,3862e69c-b414-48b0-932e-cb4d59e4416c,https://app.snyk.io/org/customer-b/project/3862e69c-b414-48b0-932e-cb4d59e4416c
customer-b,058d8c31-2bb9-4bac-84d8-03516b798457,com.github.stephenc.jcip:jcip-annotations@1.0-1,com.github.stephenc.jcip:jcip-annotations,1.0-1,1.0-1,2013-02-13T10:57:28.000Z,2013-02-13T10:57:28.000Z,false,Apache-2.0 license,joe-shope/WebGoat(main):pom.xml,3862e69c-b414-48b0-932e-cb4d59e4416c,https://app.snyk.io/org/customer-b/project/3862e69c-b414-48b0-932e-cb4d59e4416c
customer-b,058d8c31-2bb9-4bac-84d8-03516b798457,com.google.code.findbugs:jsr305@3.0.2,com.google.code.findbugs:jsr305,3.0.2,3.0.2,2017-03-31T04:55:47.000Z,2009-03-18T17:01:15.000Z,false,Apache-2.0 license,joe-shope/WebGoat(main):pom.xml,3862e69c-b414-48b0-932e-cb4d59e4416c,https://app.snyk.io/org/customer-b/project/3862e69c-b414-48b0-932e-cb4d59e4416c
customer-b,058d8c31-2bb9-4bac-84d8-03516b798457,com.google.errorprone:error_prone_annotations@2.21.1,com.google.errorprone:error_prone_annotations,2.21.1,2.38.0,2025-04-18T16:26:34.000Z,2015-01-28T22:43:57.000Z,false,Apache-2.0 license,joe-shope/WebGoat(main):pom.xml,3862e69c-b414-48b0-932e-cb4d59e4416c,https://app.snyk.io/org/customer-b/project/3862e69c-b414-48b0-932e-cb4d59e4416c
customer-b,058d8c31-2bb9-4bac-84d8-03516b798457,com.google.guava:failureaccess@1.0.1,com.google.guava:failureaccess,1.0.1,1.0.3,2025-03-19T16:15:51.000Z,2018-09-11T19:39:54.000Z,false,Apache-2.0 license,joe-shope/WebGoat(main):pom.xml,3862e69c-b414-48b0-932e-cb4d59e4416c,https://app.snyk.io/org/customer-b/project/3862e69c-b414-48b0-932e-cb4d59e4416c
customer-b,058d8c31-2bb9-4bac-84d8-03516b798457,com.google.guava:guava@32.1.3-jre,com.google.guava:guava,32.1.3-jre,33.4.8-jre,2025-04-14T17:25:22.000Z,2010-04-26T13:06:05.000Z,false,Apache-2.0 license,joe-shope/WebGoat(main):pom.xml,3862e69c-b414-48b0-932e-cb4d59e4416c,https://app.snyk.io/org/customer-b/project/3862e69c-b414-48b0-932e-cb4d59e4416c
customer-b,058d8c31-2bb9-4bac-84d8-03516b798457,com.google.guava:listenablefuture@9999.0-empty-to-avoid-conflict-with-guava,com.google.guava:listenablefuture,9999.0-empty-to-avoid-conflict-with-guava,9999.0-empty-to-avoid-conflict-with-guava,2018-09-11T19:40:43.000Z,2018-09-11T19:40:24.000Z,false,Apache-2.0 license,joe-shope/WebGoat(main):pom.xml,3862e69c-b414-48b0-932e-cb4d59e4416c,https://app.snyk.io/org/customer-b/project/3862e69c-b414-48b0-932e-cb4d59e4416c
customer-b,058d8c31-2bb9-4bac-84d8-03516b798457,com.google.j2objc:j2objc-annotations@2.8,com.google.j2objc:j2objc-annotations,2.8,3.0.0,2024-03-09T17:12:59.000Z,2015-06-17T20:29:29.000Z,false,Apache-2.0 license,joe-shope/WebGoat(main):pom.xml,3862e69c-b414-48b0-932e-cb4d59e4416c,https://app.snyk.io/org/customer-b/project/3862e69c-b414-48b0-932e-cb4d59e4416c
customer-b,058d8c31-2bb9-4bac-84d8-03516b798457,com.headius:backport9@1.13,com.headius:backport9,1.13,1.13,2023-05-23T21:00:26.000Z,2018-12-07T19:40:46.000Z,false,Apache-2.0 license,joe-shope/WebGoat(main):pom.xml,3862e69c-b414-48b0-932e-cb4d59e4416c,https://app.snyk.io/org/customer-b/project/3862e69c-b414-48b0-932e-cb4d59e4416c
customer-b,058d8c31-2bb9-4bac-84d8-03516b798457,com.headius:invokebinder@1.13,com.headius:invokebinder,1.13,1.14,2024-04-02T23:14:20.000Z,2012-02-21T19:00:21.000Z,false,Apache-2.0 license,joe-shope/WebGoat(main):pom.xml,3862e69c-b414-48b0-932e-cb4d59e4416c,https://app.snyk.io/org/customer-b/project/3862e69c-b414-48b0-932e-cb4d59e4416c
customer-b,058d8c31-2bb9-4bac-84d8-03516b798457,com.headius:options@1.6,com.headius:options,1.6,1.7,2021-11-22T18:32:40.000Z,2013-09-18T13:43:07.000Z,false,Apache-2.0 license,joe-shope/WebGoat(main):pom.xml,3862e69c-b414-48b0-932e-cb4d59e4416c,https://app.snyk.io/org/customer-b/project/3862e69c-b414-48b0-932e-cb4d59e4416c
customer-b,058d8c31-2bb9-4bac-84d8-03516b798457,commons-io:commons-io@2.15.1,commons-io:commons-io,2.15.1,2.19.0,2025-04-08T22:05:42.000Z,2005-10-10T18:59:00.000Z,false,Apache-2.0 license,joe-shope/WebGoat(main):pom.xml,3862e69c-b414-48b0-932e-cb4d59e4416c,https://app.snyk.io/org/customer-b/project/3862e69c-b414-48b0-932e-cb4d59e4416c
customer-b,058d8c31-2bb9-4bac-84d8-03516b798457,com.nimbusds:content-type@2.2,com.nimbusds:content-type,2.2,2.3,2023-11-05T07:39:48.000Z,2020-02-05T04:39:49.000Z,false,Apache-2.0 license,joe-shope/WebGoat(main):pom.xml,3862e69c-b414-48b0-932e-cb4d59e4416c,https://app.snyk.io/org/customer-b/project/3862e69c-b414-48b0-932e-cb4d59e4416c
customer-b,058d8c31-2bb9-4bac-84d8-03516b798457,com.nimbusds:lang-tag@1.7,com.nimbusds:lang-tag,1.7,1.7,2022-07-06T07:39:22.000Z,2013-04-05T08:01:12.000Z,false,Apache-2.0 license,joe-shope/WebGoat(main):pom.xml,3862e69c-b414-48b0-932e-cb4d59e4416c,https://app.snyk.io/org/customer-b/project/3862e69c-b414-48b0-932e-cb4d59e4416c
customer-b,058d8c31-2bb9-4bac-84d8-03516b798457,com.nimbusds:nimbus-jose-jwt@9.24.4,com.nimbusds:nimbus-jose-jwt,9.24.4,10.2,2025-04-07T18:49:11.000Z,2013-01-17T17:47:14.000Z,false,Apache-2.0 license,joe-shope/WebGoat(main):pom.xml,3862e69c-b414-48b0-932e-cb4d59e4416c,https://app.snyk.io/org/customer-b/project/3862e69c-b414-48b0-932e-cb4d59e4416c
customer-b,058d8c31-2bb9-4bac-84d8-03516b798457,com.nimbusds:oauth2-oidc-sdk@9.43.3,com.nimbusds:oauth2-oidc-sdk,9.43.3,11.23.1,2025-02-26T08:23:15.000Z,2013-05-13T08:33:12.000Z,false,Apache-2.0 license,joe-shope/WebGoat(main):pom.xml,3862e69c-b414-48b0-932e-cb4d59e4416c,https://app.snyk.io/org/customer-b/project/3862e69c-b414-48b0-932e-cb4d59e4416c
customer-b,058d8c31-2bb9-4bac-84d8-03516b798457,com.nulab-inc:zxcvbn@1.8.0,com.nulab-inc:zxcvbn,1.8.0,1.9.0,2024-04-06T08:44:49.000Z,2015-12-29T03:42:33.000Z,false,MIT license,joe-shope/WebGoat(main):pom.xml,3862e69c-b414-48b0-932e-cb4d59e4416c,https://app.snyk.io/org/customer-b/project/3862e69c-b414-48b0-932e-cb4d59e4416c
customer-b,058d8c31-2bb9-4bac-84d8-03516b798457,com.sun.istack:istack-commons-runtime@4.1.2,com.sun.istack:istack-commons-runtime,4.1.2,4.2.0,2023-04-14T11:32:35.000Z,2010-05-20T08:25:35.000Z,false,EDL-1.0 license,joe-shope/WebGoat(main):pom.xml,3862e69c-b414-48b0-932e-cb4d59e4416c,https://app.snyk.io/org/customer-b/project/3862e69c-b414-48b0-932e-cb4d59e4416c
customer-b,058d8c31-2bb9-4bac-84d8-03516b798457,com.sun.xml.bind:jaxb-core@4.0.3,com.sun.xml.bind:jaxb-core,4.0.3,4.0.5,2024-03-06T06:01:22.000Z,2013-02-18T23:15:32.000Z,false,EDL-1.0 license,joe-shope/WebGoat(main):pom.xml,3862e69c-b414-48b0-932e-cb4d59e4416c,https://app.snyk.io/org/customer-b/project/3862e69c-b414-48b0-932e-cb4d59e4416c
customer-b,058d8c31-2bb9-4bac-84d8-03516b798457,com.sun.xml.bind:jaxb-impl@4.0.3,com.sun.xml.bind:jaxb-impl,4.0.3,4.0.5,2024-03-06T06:01:27.000Z,2006-05-23T10:13:32.000Z,false,EDL-1.0 license,joe-shope/WebGoat(main):pom.xml,3862e69c-b414-48b0-932e-cb4d59e4416c,https://app.snyk.io/org/customer-b/project/3862e69c-b414-48b0-932e-cb4d59e4416c
customer-b,058d8c31-2bb9-4bac-84d8-03516b798457,com.thoughtworks.xstream:xstream@1.4.5,com.thoughtworks.xstream:xstream,1.4.5,1.4.21,2024-11-07T19:15:04.000Z,2006-08-18T09:59:44.000Z,false,BSD-2-Clause license,joe-shope/WebGoat(main):pom.xml,3862e69c-b414-48b0-932e-cb4d59e4416c,https://app.snyk.io/org/customer-b/project/3862e69c-b414-48b0-932e-cb4d59e4416c
customer-b,058d8c31-2bb9-4bac-84d8-03516b798457,com.vaadin.external.google:android-json@0.0.20131108.vaadin1,com.vaadin.external.google:android-json,0.0.20131108.vaadin1,0.0.20131108.vaadin1,2014-02-28T12:44:43.000Z,2014-02-28T12:44:43.000Z,false,Apache-2.0 license,joe-shope/WebGoat(main):pom.xml,3862e69c-b414-48b0-932e-cb4d59e4416c,https://app.snyk.io/org/customer-b/project/3862e69c-b414-48b0-932e-cb4d59e4416c
customer-b,058d8c31-2bb9-4bac-84d8-03516b798457,com.zaxxer:HikariCP@5.0.1,com.zaxxer:HikariCP,5.0.1,6.3.0,2025-03-24T17:20:04.000Z,2013-11-04T15:18:09.000Z,false,Apache-2.0 license,joe-shope/WebGoat(main):pom.xml,3862e69c-b414-48b0-932e-cb4d59e4416c,https://app.snyk.io/org/customer-b/project/3862e69c-b414-48b0-932e-cb4d59e4416c
customer-b,058d8c31-2bb9-4bac-84d8-03516b798457,io.github.classgraph:classgraph@4.8.149,io.github.classgraph:classgraph,4.8.149,4.8.179,2024-11-12T06:34:36.000Z,2018-07-29T04:58:09.000Z,false,MIT license,joe-shope/WebGoat(main):pom.xml,3862e69c-b414-48b0-932e-cb4d59e4416c,https://app.snyk.io/org/customer-b/project/3862e69c-b414-48b0-932e-cb4d59e4416c
customer-b,058d8c31-2bb9-4bac-84d8-03516b798457,io.jsonwebtoken:jjwt@0.9.1,io.jsonwebtoken:jjwt,0.9.1,0.12.6,2024-06-21T19:53:13.000Z,2014-09-20T03:37:49.000Z,false,Apache-2.0 license,joe-shope/WebGoat(main):pom.xml,3862e69c-b414-48b0-932e-cb4d59e4416c,https://app.snyk.io/org/customer-b/project/3862e69c-b414-48b0-932e-cb4d59e4416c
customer-b,058d8c31-2bb9-4bac-84d8-03516b798457,io.micrometer:micrometer-commons@1.11.5,io.micrometer:micrometer-commons,1.11.5,1.14.6,2025-04-14T03:09:19.000Z,2022-11-07T07:35:34.000Z,false,Apache-2.0 license,joe-shope/WebGoat(main):pom.xml,3862e69c-b414-48b0-932e-cb4d59e4416c,https://app.snyk.io/org/customer-b/project/3862e69c-b414-48b0-932e-cb4d59e4416c
customer-b,058d8c31-2bb9-4bac-84d8-03516b798457,io.micrometer:micrometer-core@1.11.5,io.micrometer:micrometer-core,1.11.5,1.14.6,2025-04-14T03:09:20.000Z,2017-07-22T03:12:45.000Z,false,Apache-2.0 license,joe-shope/WebGoat(main):pom.xml,3862e69c-b414-48b0-932e-cb4d59e4416c,https://app.snyk.io/org/customer-b/project/3862e69c-b414-48b0-932e-cb4d59e4416c
customer-b,058d8c31-2bb9-4bac-84d8-03516b798457,io.micrometer:micrometer-observation@1.11.5,io.micrometer:micrometer-observation,1.11.5,1.14.6,2025-04-14T03:09:32.000Z,2022-11-07T07:35:42.000Z,false,Apache-2.0 license,joe-shope/WebGoat(main):pom.xml,3862e69c-b414-48b0-932e-cb4d59e4416c,https://app.snyk.io/org/customer-b/project/3862e69c-b414-48b0-932e-cb4d59e4416c
customer-b,058d8c31-2bb9-4bac-84d8-03516b798457,io.smallrye:jandex@3.0.5,io.smallrye:jandex,3.0.5,3.3.0,2025-04-07T13:02:59.000Z,2022-08-17T08:28:55.000Z,false,Apache-2.0 license,joe-shope/WebGoat(main):pom.xml,3862e69c-b414-48b0-932e-cb4d59e4416c,https://app.snyk.io/org/customer-b/project/3862e69c-b414-48b0-932e-cb4d59e4416c
customer-b,058d8c31-2bb9-4bac-84d8-03516b798457,io.undertow:undertow-core@2.3.10.Final,io.undertow:undertow-core,2.3.10.Final,2.3.18.Final,2024-10-16T13:46:08.000Z,2013-03-05T23:58:24.000Z,false,Apache-2.0 license,joe-shope/WebGoat(main):pom.xml,3862e69c-b414-48b0-932e-cb4d59e4416c,https://app.snyk.io/org/customer-b/project/3862e69c-b414-48b0-932e-cb4d59e4416c
customer-b,058d8c31-2bb9-4bac-84d8-03516b798457,io.undertow:undertow-servlet@2.3.10.Final,io.undertow:undertow-servlet,2.3.10.Final,2.3.18.Final,2024-10-16T13:49:13.000Z,2013-03-05T23:59:17.000Z,false,Apache-2.0 license,joe-shope/WebGoat(main):pom.xml,3862e69c-b414-48b0-932e-cb4d59e4416c,https://app.snyk.io/org/customer-b/project/3862e69c-b414-48b0-932e-cb4d59e4416c
customer-b,058d8c31-2bb9-4bac-84d8-03516b798457,io.undertow:undertow-websockets-jsr@2.3.10.Final,io.undertow:undertow-websockets-jsr,2.3.10.Final,2.3.18.Final,2024-10-16T13:49:53.000Z,2013-03-06T00:00:40.000Z,false,Apache-2.0 license,joe-shope/WebGoat(main):pom.xml,3862e69c-b414-48b0-932e-cb4d59e4416c,https://app.snyk.io/org/customer-b/project/3862e69c-b414-48b0-932e-cb4d59e4416c
customer-b,058d8c31-2bb9-4bac-84d8-03516b798457,jakarta.activation:jakarta.activation-api@2.1.2,jakarta.activation:jakarta.activation-api,2.1.2,2.1.3,2024-02-15T08:14:27.000Z,2018-11-20T22:16:30.000Z,false,EDL-1.0 license,joe-shope/WebGoat(main):pom.xml,3862e69c-b414-48b0-932e-cb4d59e4416c,https://app.snyk.io/org/customer-b/project/3862e69c-b414-48b0-932e-cb4d59e4416c
customer-b,058d8c31-2bb9-4bac-84d8-03516b798457,jakarta.annotation:jakarta.annotation-api@2.1.1,jakarta.annotation:jakarta.annotation-api,2.1.1,3.0.0,2024-02-15T14:43:36.000Z,2018-10-29T10:28:54.000Z,false,Dual license: EPL-2.0; GPL-2.0-with-classpath-exception,joe-shope/WebGoat(main):pom.xml,3862e69c-b414-48b0-932e-cb4d59e4416c,https://app.snyk.io/org/customer-b/project/3862e69c-b414-48b0-932e-cb4d59e4416c
customer-b,058d8c31-2bb9-4bac-84d8-03516b798457,jakarta.inject:jakarta.inject-api@2.0.1,jakarta.inject:jakarta.inject-api,2.0.1,2.0.1.MR,2021-10-16T18:28:46.000Z,2019-08-04T02:01:13.000Z,false,Apache-2.0 license,joe-shope/WebGoat(main):pom.xml,3862e69c-b414-48b0-932e-cb4d59e4416c,https://app.snyk.io/org/customer-b/project/3862e69c-b414-48b0-932e-cb4d59e4416c
customer-b,058d8c31-2bb9-4bac-84d8-03516b798457,jakarta.persistence:jakarta.persistence-api@3.1.0,jakarta.persistence:jakarta.persistence-api,3.1.0,3.2.0,2024-04-10T08:59:06.000Z,2018-11-02T08:18:23.000Z,false,Dual license: EDL-1.0; EPL-2.0,joe-shope/WebGoat(main):pom.xml,3862e69c-b414-48b0-932e-cb4d59e4416c,https://app.snyk.io/org/customer-b/project/3862e69c-b414-48b0-932e-cb4d59e4416c
customer-b,058d8c31-2bb9-4bac-84d8-03516b798457,jakarta.servlet:jakarta.servlet-api@6.0.0,jakarta.servlet:jakarta.servlet-api,6.0.0,6.1.0,2024-05-24T17:35:21.000Z,2019-01-14T15:27:22.000Z,false,Dual license: EPL-2.0; GPL-2.0-with-classpath-exception,joe-shope/WebGoat(main):pom.xml,3862e69c-b414-48b0-932e-cb4d59e4416c,https://app.snyk.io/org/customer-b/project/3862e69c-b414-48b0-932e-cb4d59e4416c
customer-b,058d8c31-2bb9-4bac-84d8-03516b798457,jakarta.transaction:jakarta.transaction-api@2.0.1,jakarta.transaction:jakarta.transaction-api,2.0.1,2.0.1,2022-03-31T10:37:39.000Z,2018-12-18T16:38:53.000Z,false,Dual license: EPL-2.0; GPL-2.0-with-classpath-exception,joe-shope/WebGoat(main):pom.xml,3862e69c-b414-48b0-932e-cb4d59e4416c,https://app.snyk.io/org/customer-b/project/3862e69c-b414-48b0-932e-cb4d59e4416c
customer-b,058d8c31-2bb9-4bac-84d8-03516b798457,jakarta.validation:jakarta.validation-api@3.0.2,jakarta.validation:jakarta.validation-api,3.0.2,3.1.1,2025-02-01T23:34:41.000Z,2018-11-26T15:29:50.000Z,false,Apache-2.0 license,joe-shope/WebGoat(main):pom.xml,3862e69c-b414-48b0-932e-cb4d59e4416c,https://app.snyk.io/org/customer-b/project/3862e69c-b414-48b0-932e-cb4d59e4416c
customer-b,058d8c31-2bb9-4bac-84d8-03516b798457,jakarta.websocket:jakarta.websocket-api@2.1.1,jakarta.websocket:jakarta.websocket-api,2.1.1,2.2.0,2024-03-28T13:09:07.000Z,2018-12-17T20:09:18.000Z,false,Dual license: EPL-2.0; GPL-2.0-with-classpath-exception,joe-shope/WebGoat(main):pom.xml,3862e69c-b414-48b0-932e-cb4d59e4416c,https://app.snyk.io/org/customer-b/project/3862e69c-b414-48b0-932e-cb4d59e4416c
customer-b,058d8c31-2bb9-4bac-84d8-03516b798457,jakarta.websocket:jakarta.websocket-client-api@2.1.1,jakarta.websocket:jakarta.websocket-client-api,2.1.1,2.2.0,2024-03-28T13:09:06.000Z,2018-12-17T20:08:56.000Z,false,Dual license: EPL-2.0; GPL-2.0-with-classpath-exception,joe-shope/WebGoat(main):pom.xml,3862e69c-b414-48b0-932e-cb4d59e4416c,https://app.snyk.io/org/customer-b/project/3862e69c-b414-48b0-932e-cb4d59e4416c
customer-b,058d8c31-2bb9-4bac-84d8-03516b798457,jakarta.xml.bind:jakarta.xml.bind-api@4.0.1,jakarta.xml.bind:jakarta.xml.bind-api,4.0.1,4.0.2,2024-02-19T09:42:13.000Z,2018-12-27T15:31:06.000Z,false,EDL-1.0 license,joe-shope/WebGoat(main):pom.xml,3862e69c-b414-48b0-932e-cb4d59e4416c,https://app.snyk.io/org/customer-b/project/3862e69c-b414-48b0-932e-cb4d59e4416c
customer-b,058d8c31-2bb9-4bac-84d8-03516b798457,javax.activation:javax.activation-api@1.2.0,javax.activation:javax.activation-api,1.2.0,1.2.0,2017-09-06T23:13:19.000Z,2017-09-06T23:13:19.000Z,false,Dual license: CDDL-1.1; GPL-2.0-with-classpath-exception,joe-shope/WebGoat(main):pom.xml,3862e69c-b414-48b0-932e-cb4d59e4416c,https://app.snyk.io/org/customer-b/project/3862e69c-b414-48b0-932e-cb4d59e4416c
customer-b,058d8c31-2bb9-4bac-84d8-03516b798457,javax.xml.bind:jaxb-api@2.3.1,javax.xml.bind:jaxb-api,2.3.1,2.3.1,2018-09-12T13:28:52.000Z,2006-07-17T11:09:57.000Z,false,Dual license: CDDL-1.0; GPL-2.0-with-classpath-exception,joe-shope/WebGoat(main):pom.xml,3862e69c-b414-48b0-932e-cb4d59e4416c,https://app.snyk.io/org/customer-b/project/3862e69c-b414-48b0-932e-cb4d59e4416c
customer-b,058d8c31-2bb9-4bac-84d8-03516b798457,joda-time:joda-time@2.12.5,joda-time:joda-time,2.12.5,2.14.0,2025-03-29T12:22:10.000Z,2005-08-01T09:42:40.000Z,false,Apache-2.0 license,joe-shope/WebGoat(main):pom.xml,3862e69c-b414-48b0-932e-cb4d59e4416c,https://app.snyk.io/org/customer-b/project/3862e69c-b414-48b0-932e-cb4d59e4416c
customer-b,058d8c31-2bb9-4bac-84d8-03516b798457,me.qmx.jitescript:jitescript@0.4.1,me.qmx.jitescript:jitescript,0.4.1,0.4.3,2021-05-20T22:27:45.000Z,2011-08-30T03:54:49.000Z,false,Apache-2.0 license,joe-shope/WebGoat(main):pom.xml,3862e69c-b414-48b0-932e-cb4d59e4416c,https://app.snyk.io/org/customer-b/project/3862e69c-b414-48b0-932e-cb4d59e4416c
customer-b,058d8c31-2bb9-4bac-84d8-03516b798457,net.bytebuddy:byte-buddy@1.14.9,net.bytebuddy:byte-buddy,1.14.9,1.17.5,2025-03-31T06:21:43.000Z,2014-05-02T17:47:01.000Z,false,Apache-2.0 license,joe-shope/WebGoat(main):pom.xml,3862e69c-b414-48b0-932e-cb4d59e4416c,https://app.snyk.io/org/customer-b/project/3862e69c-b414-48b0-932e-cb4d59e4416c
customer-b,058d8c31-2bb9-4bac-84d8-03516b798457,net.minidev:accessors-smart@2.4.11,net.minidev:accessors-smart,2.4.11,2.5.2,2025-02-12T04:39:29.000Z,2015-07-29T16:54:26.000Z,false,Apache-2.0 license,joe-shope/WebGoat(main):pom.xml,3862e69c-b414-48b0-932e-cb4d59e4416c,https://app.snyk.io/org/customer-b/project/3862e69c-b414-48b0-932e-cb4d59e4416c
customer-b,058d8c31-2bb9-4bac-84d8-03516b798457,net.minidev:json-smart@2.4.11,net.minidev:json-smart,2.4.11,2.5.2,2025-02-12T04:39:56.000Z,2011-05-30T14:07:14.000Z,false,Apache-2.0 license,joe-shope/WebGoat(main):pom.xml,3862e69c-b414-48b0-932e-cb4d59e4416c,https://app.snyk.io/org/customer-b/project/3862e69c-b414-48b0-932e-cb4d59e4416c
customer-b,058d8c31-2bb9-4bac-84d8-03516b798457,org.antlr:antlr4-runtime@4.10.1,org.antlr:antlr4-runtime,4.10.1,4.13.2,2024-08-03T18:44:36.000Z,2012-12-16T23:34:49.000Z,false,BSD-3-Clause license,joe-shope/WebGoat(main):pom.xml,3862e69c-b414-48b0-932e-cb4d59e4416c,https://app.snyk.io/org/customer-b/project/3862e69c-b414-48b0-932e-cb4d59e4416c
customer-b,058d8c31-2bb9-4bac-84d8-03516b798457,org.apache.commons:commons-exec@1.4.0,org.apache.commons:commons-exec,1.4.0,1.4.0,2024-01-01T12:15:45.000Z,2009-03-25T16:16:16.000Z,false,Apache-2.0 license,joe-shope/WebGoat(main):pom.xml,3862e69c-b414-48b0-932e-cb4d59e4416c,https://app.snyk.io/org/customer-b/project/3862e69c-b414-48b0-932e-cb4d59e4416c
customer-b,058d8c31-2bb9-4bac-84d8-03516b798457,org.apache.commons:commons-lang3@3.12.0,org.apache.commons:commons-lang3,3.12.0,3.17.0,2024-08-24T19:06:29.000Z,2011-07-19T03:36:05.000Z,false,Apache-2.0 license,joe-shope/WebGoat(main):pom.xml,3862e69c-b414-48b0-932e-cb4d59e4416c,https://app.snyk.io/org/customer-b/project/3862e69c-b414-48b0-932e-cb4d59e4416c
customer-b,058d8c31-2bb9-4bac-84d8-03516b798457,org.apache.commons:commons-text@1.10.0,org.apache.commons:commons-text,1.10.0,1.13.1,2025-04-07T19:43:08.000Z,2017-01-30T13:30:43.000Z,false,Apache-2.0 license,joe-shope/WebGoat(main):pom.xml,3862e69c-b414-48b0-932e-cb4d59e4416c,https://app.snyk.io/org/customer-b/project/3862e69c-b414-48b0-932e-cb4d59e4416c
customer-b,058d8c31-2bb9-4bac-84d8-03516b798457,org.apache.logging.log4j:log4j-api@2.20.0,org.apache.logging.log4j:log4j-api,2.20.0,2.24.3,2024-12-10T10:51:47.000Z,2012-07-29T19:11:52.000Z,false,Apache-2.0 license,joe-shope/WebGoat(main):pom.xml,3862e69c-b414-48b0-932e-cb4d59e4416c,https://app.snyk.io/org/customer-b/project/3862e69c-b414-48b0-932e-cb4d59e4416c
customer-b,058d8c31-2bb9-4bac-84d8-03516b798457,org.apache.logging.log4j:log4j-to-slf4j@2.20.0,org.apache.logging.log4j:log4j-to-slf4j,2.20.0,2.24.3,2024-12-10T10:51:52.000Z,2013-04-20T21:24:30.000Z,false,Apache-2.0 license,joe-shope/WebGoat(main):pom.xml,3862e69c-b414-48b0-932e-cb4d59e4416c,https://app.snyk.io/org/customer-b/project/3862e69c-b414-48b0-932e-cb4d59e4416c
customer-b,058d8c31-2bb9-4bac-84d8-03516b798457,org.apache.tomcat.embed:tomcat-embed-el@10.1.15,org.apache.tomcat.embed:tomcat-embed-el,10.1.15,11.0.6,2025-04-01T15:43:27.000Z,2014-01-29T23:23:51.000Z,false,Apache-2.0 license,joe-shope/WebGoat(main):pom.xml,3862e69c-b414-48b0-932e-cb4d59e4416c,https://app.snyk.io/org/customer-b/project/3862e69c-b414-48b0-932e-cb4d59e4416c
customer-b,058d8c31-2bb9-4bac-84d8-03516b798457,org.asciidoctor:asciidoctorj@2.5.10,org.asciidoctor:asciidoctorj,2.5.10,3.0.0,2024-08-25T11:17:31.000Z,2014-08-17T18:06:23.000Z,false,Apache-2.0 license,joe-shope/WebGoat(main):pom.xml,3862e69c-b414-48b0-932e-cb4d59e4416c,https://app.snyk.io/org/customer-b/project/3862e69c-b414-48b0-932e-cb4d59e4416c
customer-b,058d8c31-2bb9-4bac-84d8-03516b798457,org.asciidoctor:asciidoctorj-api@2.5.10,org.asciidoctor:asciidoctorj-api,2.5.10,3.0.0,2024-08-25T11:17:34.000Z,2018-06-22T05:25:52.000Z,false,Apache-2.0 license,joe-shope/WebGoat(main):pom.xml,3862e69c-b414-48b0-932e-cb4d59e4416c,https://app.snyk.io/org/customer-b/project/3862e69c-b414-48b0-932e-cb4d59e4416c
customer-b,058d8c31-2bb9-4bac-84d8-03516b798457,org.aspectj:aspectjweaver@1.9.20,org.aspectj:aspectjweaver,1.9.20,1.9.24,2025-04-11T22:49:19.000Z,2008-01-18T19:57:07.000Z,false,EPL-1.0 license,joe-shope/WebGoat(main):pom.xml,3862e69c-b414-48b0-932e-cb4d59e4416c,https://app.snyk.io/org/customer-b/project/3862e69c-b414-48b0-932e-cb4d59e4416c
customer-b,058d8c31-2bb9-4bac-84d8-03516b798457,org.attoparser:attoparser@2.0.6.RELEASE,org.attoparser:attoparser,2.0.6.RELEASE,2.0.7.RELEASE,2023-07-30T13:48:52.000Z,2012-10-01T19:26:12.000Z,false,Apache-2.0 license,joe-shope/WebGoat(main):pom.xml,3862e69c-b414-48b0-932e-cb4d59e4416c,https://app.snyk.io/org/customer-b/project/3862e69c-b414-48b0-932e-cb4d59e4416c
customer-b,058d8c31-2bb9-4bac-84d8-03516b798457,org.bitbucket.b_c:jose4j@0.9.3,org.bitbucket.b_c:jose4j,0.9.3,0.9.6,2024-03-06T18:49:02.000Z,2014-06-06T13:54:18.000Z,false,Apache-2.0 license,joe-shope/WebGoat(main):pom.xml,3862e69c-b414-48b0-932e-cb4d59e4416c,https://app.snyk.io/org/customer-b/project/3862e69c-b414-48b0-932e-cb4d59e4416c
customer-b,058d8c31-2bb9-4bac-84d8-03516b798457,org.checkerframework:checker-qual@3.37.0,org.checkerframework:checker-qual,3.37.0,3.49.2,2025-04-01T19:07:15.000Z,2014-04-03T00:32:01.000Z,false,MIT license,joe-shope/WebGoat(main):pom.xml,3862e69c-b414-48b0-932e-cb4d59e4416c,https://app.snyk.io/org/customer-b/project/3862e69c-b414-48b0-932e-cb4d59e4416c
customer-b,058d8c31-2bb9-4bac-84d8-03516b798457,org.eclipse.angus:angus-activation@2.0.1,org.eclipse.angus:angus-activation,2.0.1,2.0.2,2024-02-15T09:33:57.000Z,2021-08-03T04:25:23.000Z,false,EDL-1.0 license,joe-shope/WebGoat(main):pom.xml,3862e69c-b414-48b0-932e-cb4d59e4416c,https://app.snyk.io/org/customer-b/project/3862e69c-b414-48b0-932e-cb4d59e4416c
customer-b,058d8c31-2bb9-4bac-84d8-03516b798457,org.flywaydb:flyway-core@9.16.3,org.flywaydb:flyway-core,9.16.3,11.7.2,2025-04-17T10:06:48.000Z,2014-04-20T16:28:58.000Z,false,Apache-2.0 license,joe-shope/WebGoat(main):pom.xml,3862e69c-b414-48b0-932e-cb4d59e4416c,https://app.snyk.io/org/customer-b/project/3862e69c-b414-48b0-932e-cb4d59e4416c
customer-b,058d8c31-2bb9-4bac-84d8-03516b798457,org.glassfish.jaxb:jaxb-core@4.0.3,org.glassfish.jaxb:jaxb-core,4.0.3,4.0.5,2024-03-06T06:00:56.000Z,2014-03-11T00:23:02.000Z,false,EDL-1.0 license,joe-shope/WebGoat(main):pom.xml,3862e69c-b414-48b0-932e-cb4d59e4416c,https://app.snyk.io/org/customer-b/project/3862e69c-b414-48b0-932e-cb4d59e4416c
customer-b,058d8c31-2bb9-4bac-84d8-03516b798457,org.glassfish.jaxb:jaxb-runtime@4.0.3,org.glassfish.jaxb:jaxb-runtime,4.0.3,4.0.5,2024-03-06T06:00:56.000Z,2014-03-11T00:23:29.000Z,false,EDL-1.0 license,joe-shope/WebGoat(main):pom.xml,3862e69c-b414-48b0-932e-cb4d59e4416c,https://app.snyk.io/org/customer-b/project/3862e69c-b414-48b0-932e-cb4d59e4416c
customer-b,058d8c31-2bb9-4bac-84d8-03516b798457,org.glassfish.jaxb:txw2@4.0.3,org.glassfish.jaxb:txw2,4.0.3,4.0.5,2024-03-06T06:00:52.000Z,2014-03-11T00:22:37.000Z,false,EDL-1.0 license,joe-shope/WebGoat(main):pom.xml,3862e69c-b414-48b0-932e-cb4d59e4416c,https://app.snyk.io/org/customer-b/project/3862e69c-b414-48b0-932e-cb4d59e4416c
customer-b,058d8c31-2bb9-4bac-84d8-03516b798457,org.hdrhistogram:HdrHistogram@2.1.12,org.hdrhistogram:HdrHistogram,2.1.12,2.2.2,2024-05-30T06:46:04.000Z,2013-11-26T06:46:44.000Z,false,Dual license: CC0-1.0; BSD-2-Clause,joe-shope/WebGoat(main):pom.xml,3862e69c-b414-48b0-932e-cb4d59e4416c,https://app.snyk.io/org/customer-b/project/3862e69c-b414-48b0-932e-cb4d59e4416c
customer-b,058d8c31-2bb9-4bac-84d8-03516b798457,org.hibernate.common:hibernate-commons-annotations@6.0.6.Final,org.hibernate.common:hibernate-commons-annotations,6.0.6.Final,7.0.3.Final,2024-10-21T07:30:09.000Z,2011-08-31T12:40:09.000Z,false,LGPL-2.1 license,joe-shope/WebGoat(main):pom.xml,3862e69c-b414-48b0-932e-cb4d59e4416c,https://app.snyk.io/org/customer-b/project/3862e69c-b414-48b0-932e-cb4d59e4416c
customer-b,058d8c31-2bb9-4bac-84d8-03516b798457,org.hibernate.orm:hibernate-core@6.2.13.Final,org.hibernate.orm:hibernate-core,6.2.13.Final,6.6.13.Final,2025-04-06T00:14:14.000Z,2018-12-06T17:06:51.000Z,false,LGPL-2.1 license,joe-shope/WebGoat(main):pom.xml,3862e69c-b414-48b0-932e-cb4d59e4416c,https://app.snyk.io/org/customer-b/project/3862e69c-b414-48b0-932e-cb4d59e4416c
customer-b,058d8c31-2bb9-4bac-84d8-03516b798457,org.hibernate.validator:hibernate-validator@8.0.1.Final,org.hibernate.validator:hibernate-validator,8.0.1.Final,8.0.2.Final,2024-12-13T17:13:15.000Z,2017-02-15T16:27:16.000Z,false,Apache-2.0 license,joe-shope/WebGoat(main):pom.xml,3862e69c-b414-48b0-932e-cb4d59e4416c,https://app.snyk.io/org/customer-b/project/3862e69c-b414-48b0-932e-cb4d59e4416c
customer-b,058d8c31-2bb9-4bac-84d8-03516b798457,org.hsqldb:hsqldb@2.7.2,org.hsqldb:hsqldb,2.7.2,2.7.4,2024-11-03T01:19:41.000Z,2009-04-24T18:59:02.000Z,false,BSD-2-Clause license,joe-shope/WebGoat(main):pom.xml,3862e69c-b414-48b0-932e-cb4d59e4416c,https://app.snyk.io/org/customer-b/project/3862e69c-b414-48b0-932e-cb4d59e4416c
customer-b,058d8c31-2bb9-4bac-84d8-03516b798457,org.jboss.logging:jboss-logging@3.5.3.Final,org.jboss.logging:jboss-logging,3.5.3.Final,3.6.1.Final,2024-09-09T15:35:28.000Z,2010-02-16T05:00:53.000Z,false,Apache-2.0 license,joe-shope/WebGoat(main):pom.xml,3862e69c-b414-48b0-932e-cb4d59e4416c,https://app.snyk.io/org/customer-b/project/3862e69c-b414-48b0-932e-cb4d59e4416c
customer-b,058d8c31-2bb9-4bac-84d8-03516b798457,org.jboss.threads:jboss-threads@3.5.0.Final,org.jboss.threads:jboss-threads,3.5.0.Final,3.8.0.Final,2024-09-30T20:28:42.000Z,2009-02-18T16:59:55.000Z,false,Apache-2.0 license,joe-shope/WebGoat(main):pom.xml,3862e69c-b414-48b0-932e-cb4d59e4416c,https://app.snyk.io/org/customer-b/project/3862e69c-b414-48b0-932e-cb4d59e4416c
customer-b,058d8c31-2bb9-4bac-84d8-03516b798457,org.jboss.xnio:xnio-api@3.8.8.Final,org.jboss.xnio:xnio-api,3.8.8.Final,3.8.16.Final,2024-06-14T04:53:50.000Z,2009-09-20T17:45:44.000Z,false,Apache-2.0 license,joe-shope/WebGoat(main):pom.xml,3862e69c-b414-48b0-932e-cb4d59e4416c,https://app.snyk.io/org/customer-b/project/3862e69c-b414-48b0-932e-cb4d59e4416c
customer-b,058d8c31-2bb9-4bac-84d8-03516b798457,org.jboss.xnio:xnio-nio@3.8.8.Final,org.jboss.xnio:xnio-nio,3.8.8.Final,3.8.16.Final,2024-06-14T04:54:26.000Z,2009-09-20T17:45:44.000Z,false,Apache-2.0 license,joe-shope/WebGoat(main):pom.xml,3862e69c-b414-48b0-932e-cb4d59e4416c,https://app.snyk.io/org/customer-b/project/3862e69c-b414-48b0-932e-cb4d59e4416c
customer-b,058d8c31-2bb9-4bac-84d8-03516b798457,org.jruby:dirgra@0.3,org.jruby:dirgra,0.3,0.6,2024-07-25T15:28:42.000Z,2014-03-30T19:29:05.000Z,false,EPL-1.0 license,joe-shope/WebGoat(main):pom.xml,3862e69c-b414-48b0-932e-cb4d59e4416c,https://app.snyk.io/org/customer-b/project/3862e69c-b414-48b0-932e-cb4d59e4416c
customer-b,058d8c31-2bb9-4bac-84d8-03516b798457,org.jruby.jcodings:jcodings@1.0.58,org.jruby.jcodings:jcodings,1.0.58,1.0.63,2025-03-07T03:48:58.000Z,2008-11-02T16:06:08.000Z,false,MIT license,joe-shope/WebGoat(main):pom.xml,3862e69c-b414-48b0-932e-cb4d59e4416c,https://app.snyk.io/org/customer-b/project/3862e69c-b414-48b0-932e-cb4d59e4416c
customer-b,058d8c31-2bb9-4bac-84d8-03516b798457,org.jruby.joni:joni@2.2.1,org.jruby.joni:joni,2.2.1,2.2.6,2025-03-28T21:55:03.000Z,2008-01-07T23:30:45.000Z,false,MIT license,joe-shope/WebGoat(main):pom.xml,3862e69c-b414-48b0-932e-cb4d59e4416c,https://app.snyk.io/org/customer-b/project/3862e69c-b414-48b0-932e-cb4d59e4416c
customer-b,058d8c31-2bb9-4bac-84d8-03516b798457,org.jruby:jruby@9.4.3.0,org.jruby:jruby,9.4.3.0,10.0.0.0,2025-04-13T21:12:07.000Z,2006-03-28T02:29:42.000Z,false,Multiple licenses: EPL-2.0; GPL-2.0; LGPL-2.1,joe-shope/WebGoat(main):pom.xml,3862e69c-b414-48b0-932e-cb4d59e4416c,https://app.snyk.io/org/customer-b/project/3862e69c-b414-48b0-932e-cb4d59e4416c
customer-b,058d8c31-2bb9-4bac-84d8-03516b798457,org.jruby:jruby-base@9.4.3.0,org.jruby:jruby-base,9.4.3.0,10.0.0.0,2025-04-13T21:11:07.000Z,2021-09-17T13:32:22.000Z,false,Multiple licenses: EPL-2.0; GPL-2.0; LGPL-2.1,joe-shope/WebGoat(main):pom.xml,3862e69c-b414-48b0-932e-cb4d59e4416c,https://app.snyk.io/org/customer-b/project/3862e69c-b414-48b0-932e-cb4d59e4416c
customer-b,058d8c31-2bb9-4bac-84d8-03516b798457,org.jruby:jruby-stdlib@9.4.3.0,org.jruby:jruby-stdlib,9.4.3.0,10.0.0.0,2025-04-13T21:11:37.000Z,2011-03-15T19:40:08.000Z,false,Multiple licenses: EPL-2.0; GPL-2.0; LGPL-2.1,joe-shope/WebGoat(main):pom.xml,3862e69c-b414-48b0-932e-cb4d59e4416c,https://app.snyk.io/org/customer-b/project/3862e69c-b414-48b0-932e-cb4d59e4416c
customer-b,058d8c31-2bb9-4bac-84d8-03516b798457,org.jruby:jzlib@1.1.5,org.jruby:jzlib,1.1.5,1.1.5,2023-05-25T18:31:32.000Z,2023-05-25T14:57:25.000Z,false,BSD-2-Clause license,joe-shope/WebGoat(main):pom.xml,3862e69c-b414-48b0-932e-cb4d59e4416c,https://app.snyk.io/org/customer-b/project/3862e69c-b414-48b0-932e-cb4d59e4416c
customer-b,058d8c31-2bb9-4bac-84d8-03516b798457,org.jsoup:jsoup@1.17.2,org.jsoup:jsoup,1.17.2,1.19.1,2025-03-04T04:12:22.000Z,2010-02-05T13:51:52.000Z,false,MIT license,joe-shope/WebGoat(main):pom.xml,3862e69c-b414-48b0-932e-cb4d59e4416c,https://app.snyk.io/org/customer-b/project/3862e69c-b414-48b0-932e-cb4d59e4416c
customer-b,058d8c31-2bb9-4bac-84d8-03516b798457,org.latencyutils:LatencyUtils@2.0.3,org.latencyutils:LatencyUtils,2.0.3,2.0.3,2015-12-15T20:28:28.000Z,2013-11-26T07:12:18.000Z,false,CC0-1.0 license,joe-shope/WebGoat(main):pom.xml,3862e69c-b414-48b0-932e-cb4d59e4416c,https://app.snyk.io/org/customer-b/project/3862e69c-b414-48b0-932e-cb4d59e4416c
customer-b,058d8c31-2bb9-4bac-84d8-03516b798457,org.ow2.asm:asm@9.5,org.ow2.asm:asm,9.5,9.8,2025-03-29T15:13:19.000Z,2011-12-06T19:22:18.000Z,false,BSD-3-Clause license,joe-shope/WebGoat(main):pom.xml,3862e69c-b414-48b0-932e-cb4d59e4416c,https://app.snyk.io/org/customer-b/project/3862e69c-b414-48b0-932e-cb4d59e4416c
customer-b,058d8c31-2bb9-4bac-84d8-03516b798457,org.ow2.asm:asm-analysis@9.2,org.ow2.asm:asm-analysis,9.2,9.8,2025-03-29T15:13:22.000Z,2011-12-06T19:22:32.000Z,false,BSD-3-Clause license,joe-shope/WebGoat(main):pom.xml,3862e69c-b414-48b0-932e-cb4d59e4416c,https://app.snyk.io/org/customer-b/project/3862e69c-b414-48b0-932e-cb4d59e4416c
customer-b,058d8c31-2bb9-4bac-84d8-03516b798457,org.ow2.asm:asm-commons@9.2,org.ow2.asm:asm-commons,9.2,9.8,2025-03-29T15:13:25.000Z,2011-12-06T19:22:47.000Z,false,BSD-3-Clause license,joe-shope/WebGoat(main):pom.xml,3862e69c-b414-48b0-932e-cb4d59e4416c,https://app.snyk.io/org/customer-b/project/3862e69c-b414-48b0-932e-cb4d59e4416c
customer-b,058d8c31-2bb9-4bac-84d8-03516b798457,org.ow2.asm:asm-tree@9.2,org.ow2.asm:asm-tree,9.2,9.8,2025-03-29T15:13:29.000Z,2011-12-06T19:23:01.000Z,false,BSD-3-Clause license,joe-shope/WebGoat(main):pom.xml,3862e69c-b414-48b0-932e-cb4d59e4416c,https://app.snyk.io/org/customer-b/project/3862e69c-b414-48b0-932e-cb4d59e4416c
customer-b,058d8c31-2bb9-4bac-84d8-03516b798457,org.ow2.asm:asm-util@9.2,org.ow2.asm:asm-util,9.2,9.8,2025-03-29T15:13:32.000Z,2011-12-06T19:23:16.000Z,false,BSD-3-Clause license,joe-shope/WebGoat(main):pom.xml,3862e69c-b414-48b0-932e-cb4d59e4416c,https://app.snyk.io/org/customer-b/project/3862e69c-b414-48b0-932e-cb4d59e4416c
customer-b,058d8c31-2bb9-4bac-84d8-03516b798457,org.projectlombok:lombok@1.18.30,org.projectlombok:lombok,1.18.30,1.18.38,2025-03-31T12:21:31.000Z,2011-03-08T19:27:32.000Z,false,MIT license,joe-shope/WebGoat(main):pom.xml,3862e69c-b414-48b0-932e-cb4d59e4416c,https://app.snyk.io/org/customer-b/project/3862e69c-b414-48b0-932e-cb4d59e4416c
customer-b,058d8c31-2bb9-4bac-84d8-03516b798457,org.slf4j:jul-to-slf4j@2.0.9,org.slf4j:jul-to-slf4j,2.0.9,2.0.17,2025-02-25T16:46:05.000Z,2008-06-09T15:47:24.000Z,false,MIT license,joe-shope/WebGoat(main):pom.xml,3862e69c-b414-48b0-932e-cb4d59e4416c,https://app.snyk.io/org/customer-b/project/3862e69c-b414-48b0-932e-cb4d59e4416c
customer-b,058d8c31-2bb9-4bac-84d8-03516b798457,org.slf4j:slf4j-api@2.0.9,org.slf4j:slf4j-api,2.0.9,2.0.17,2025-02-25T16:43:12.000Z,2006-09-17T07:06:55.000Z,false,MIT license,joe-shope/WebGoat(main):pom.xml,3862e69c-b414-48b0-932e-cb4d59e4416c,https://app.snyk.io/org/customer-b/project/3862e69c-b414-48b0-932e-cb4d59e4416c
customer-b,058d8c31-2bb9-4bac-84d8-03516b798457,org.springframework.boot:spring-boot@3.1.5,org.springframework.boot:spring-boot,3.1.5,3.4.4,2025-03-21T03:21:15.000Z,2014-04-01T12:59:35.000Z,false,Apache-2.0 license,joe-shope/WebGoat(main):pom.xml,3862e69c-b414-48b0-932e-cb4d59e4416c,https://app.snyk.io/org/customer-b/project/3862e69c-b414-48b0-932e-cb4d59e4416c
customer-b,058d8c31-2bb9-4bac-84d8-03516b798457,org.springframework.boot:spring-boot-actuator@3.1.5,org.springframework.boot:spring-boot-actuator,3.1.5,3.4.4,2025-03-21T03:21:09.000Z,2014-04-01T12:59:41.000Z,false,Apache-2.0 license,joe-shope/WebGoat(main):pom.xml,3862e69c-b414-48b0-932e-cb4d59e4416c,https://app.snyk.io/org/customer-b/project/3862e69c-b414-48b0-932e-cb4d59e4416c
customer-b,058d8c31-2bb9-4bac-84d8-03516b798457,org.springframework.boot:spring-boot-actuator-autoconfigure@3.1.5,org.springframework.boot:spring-boot-actuator-autoconfigure,3.1.5,3.4.4,2025-03-21T03:21:04.000Z,2018-03-01T06:05:17.000Z,false,Apache-2.0 license,joe-shope/WebGoat(main):pom.xml,3862e69c-b414-48b0-932e-cb4d59e4416c,https://app.snyk.io/org/customer-b/project/3862e69c-b414-48b0-932e-cb4d59e4416c
customer-b,058d8c31-2bb9-4bac-84d8-03516b798457,org.springframework.boot:spring-boot-autoconfigure@3.1.5,org.springframework.boot:spring-boot-autoconfigure,3.1.5,3.4.4,2025-03-21T03:20:54.000Z,2014-04-01T12:59:36.000Z,false,Apache-2.0 license,joe-shope/WebGoat(main):pom.xml,3862e69c-b414-48b0-932e-cb4d59e4416c,https://app.snyk.io/org/customer-b/project/3862e69c-b414-48b0-932e-cb4d59e4416c
customer-b,058d8c31-2bb9-4bac-84d8-03516b798457,org.springframework.boot:spring-boot-configuration-metadata@3.1.5,org.springframework.boot:spring-boot-configuration-metadata,3.1.5,null,null,null,null,Apache-2.0 license,joe-shope/WebGoat(main):pom.xml,3862e69c-b414-48b0-932e-cb4d59e4416c,https://app.snyk.io/org/customer-b/project/3862e69c-b414-48b0-932e-cb4d59e4416c
customer-b,058d8c31-2bb9-4bac-84d8-03516b798457,org.springframework.boot:spring-boot-properties-migrator@3.1.5,org.springframework.boot:spring-boot-properties-migrator,3.1.5,3.4.4,2025-03-21T03:19:32.000Z,2018-03-01T06:05:00.000Z,false,Apache-2.0 license,joe-shope/WebGoat(main):pom.xml,3862e69c-b414-48b0-932e-cb4d59e4416c,https://app.snyk.io/org/customer-b/project/3862e69c-b414-48b0-932e-cb4d59e4416c
customer-b,058d8c31-2bb9-4bac-84d8-03516b798457,org.springframework.boot:spring-boot-starter@3.1.5,org.springframework.boot:spring-boot-starter,3.1.5,3.4.4,2025-03-21T03:19:27.000Z,2014-04-01T12:59:36.000Z,false,Apache-2.0 license,joe-shope/WebGoat(main):pom.xml,3862e69c-b414-48b0-932e-cb4d59e4416c,https://app.snyk.io/org/customer-b/project/3862e69c-b414-48b0-932e-cb4d59e4416c
customer-b,058d8c31-2bb9-4bac-84d8-03516b798457,org.springframework.boot:spring-boot-starter-actuator@3.1.5,org.springframework.boot:spring-boot-starter-actuator,3.1.5,3.4.4,2025-03-21T03:19:18.000Z,2014-04-01T12:59:46.000Z,false,Apache-2.0 license,joe-shope/WebGoat(main):pom.xml,3862e69c-b414-48b0-932e-cb4d59e4416c,https://app.snyk.io/org/customer-b/project/3862e69c-b414-48b0-932e-cb4d59e4416c
customer-b,058d8c31-2bb9-4bac-84d8-03516b798457,org.springframework.boot:spring-boot-starter-aop@3.1.5,org.springframework.boot:spring-boot-starter-aop,3.1.5,3.4.4,2025-03-21T03:19:08.000Z,2014-04-01T12:59:39.000Z,false,Apache-2.0 license,joe-shope/WebGoat(main):pom.xml,3862e69c-b414-48b0-932e-cb4d59e4416c,https://app.snyk.io/org/customer-b/project/3862e69c-b414-48b0-932e-cb4d59e4416c
customer-b,058d8c31-2bb9-4bac-84d8-03516b798457,org.springframework.boot:spring-boot-starter-data-jpa@3.1.5,org.springframework.boot:spring-boot-starter-data-jpa,3.1.5,3.4.4,2025-03-21T03:17:53.000Z,2014-04-01T12:59:38.000Z,false,Apache-2.0 license,joe-shope/WebGoat(main):pom.xml,3862e69c-b414-48b0-932e-cb4d59e4416c,https://app.snyk.io/org/customer-b/project/3862e69c-b414-48b0-932e-cb4d59e4416c
customer-b,058d8c31-2bb9-4bac-84d8-03516b798457,org.springframework.boot:spring-boot-starter-jdbc@3.1.5,org.springframework.boot:spring-boot-starter-jdbc,3.1.5,3.4.4,2025-03-21T03:15:51.000Z,2014-04-01T12:59:35.000Z,false,Apache-2.0 license,joe-shope/WebGoat(main):pom.xml,3862e69c-b414-48b0-932e-cb4d59e4416c,https://app.snyk.io/org/customer-b/project/3862e69c-b414-48b0-932e-cb4d59e4416c
customer-b,058d8c31-2bb9-4bac-84d8-03516b798457,org.springframework.boot:spring-boot-starter-json@3.1.5,org.springframework.boot:spring-boot-starter-json,3.1.5,3.4.4,2025-03-21T03:15:32.000Z,2018-03-01T06:09:16.000Z,false,Apache-2.0 license,joe-shope/WebGoat(main):pom.xml,3862e69c-b414-48b0-932e-cb4d59e4416c,https://app.snyk.io/org/customer-b/project/3862e69c-b414-48b0-932e-cb4d59e4416c
customer-b,058d8c31-2bb9-4bac-84d8-03516b798457,org.springframework.boot:spring-boot-starter-logging@3.1.5,org.springframework.boot:spring-boot-starter-logging,3.1.5,3.4.4,2025-03-21T03:15:23.000Z,2014-04-01T12:59:46.000Z,false,Apache-2.0 license,joe-shope/WebGoat(main):pom.xml,3862e69c-b414-48b0-932e-cb4d59e4416c,https://app.snyk.io/org/customer-b/project/3862e69c-b414-48b0-932e-cb4d59e4416c
customer-b,058d8c31-2bb9-4bac-84d8-03516b798457,org.springframework.boot:spring-boot-starter-oauth2-client@3.1.5,org.springframework.boot:spring-boot-starter-oauth2-client,3.1.5,3.4.4,2025-03-21T03:15:04.000Z,2018-10-30T11:39:36.000Z,false,Apache-2.0 license,joe-shope/WebGoat(main):pom.xml,3862e69c-b414-48b0-932e-cb4d59e4416c,https://app.snyk.io/org/customer-b/project/3862e69c-b414-48b0-932e-cb4d59e4416c
customer-b,058d8c31-2bb9-4bac-84d8-03516b798457,org.springframework.boot:spring-boot-starter-security@3.1.5,org.springframework.boot:spring-boot-starter-security,3.1.5,3.4.4,2025-03-21T03:14:31.000Z,2014-04-01T12:59:48.000Z,false,Apache-2.0 license,joe-shope/WebGoat(main):pom.xml,3862e69c-b414-48b0-932e-cb4d59e4416c,https://app.snyk.io/org/customer-b/project/3862e69c-b414-48b0-932e-cb4d59e4416c
customer-b,058d8c31-2bb9-4bac-84d8-03516b798457,org.springframework.boot:spring-boot-starter-thymeleaf@3.1.5,org.springframework.boot:spring-boot-starter-thymeleaf,3.1.5,3.4.4,2025-03-21T03:14:21.000Z,2014-04-01T12:59:39.000Z,false,Apache-2.0 license,joe-shope/WebGoat(main):pom.xml,3862e69c-b414-48b0-932e-cb4d59e4416c,https://app.snyk.io/org/customer-b/project/3862e69c-b414-48b0-932e-cb4d59e4416c
customer-b,058d8c31-2bb9-4bac-84d8-03516b798457,org.springframework.boot:spring-boot-starter-undertow@3.1.5,org.springframework.boot:spring-boot-starter-undertow,3.1.5,3.4.4,2025-03-21T03:14:12.000Z,2014-12-11T01:38:55.000Z,false,Apache-2.0 license,joe-shope/WebGoat(main):pom.xml,3862e69c-b414-48b0-932e-cb4d59e4416c,https://app.snyk.io/org/customer-b/project/3862e69c-b414-48b0-932e-cb4d59e4416c
customer-b,058d8c31-2bb9-4bac-84d8-03516b798457,org.springframework.boot:spring-boot-starter-validation@3.1.5,org.springframework.boot:spring-boot-starter-validation,3.1.5,3.4.4,2025-03-21T03:14:07.000Z,2015-11-16T11:39:01.000Z,false,Apache-2.0 license,joe-shope/WebGoat(main):pom.xml,3862e69c-b414-48b0-932e-cb4d59e4416c,https://app.snyk.io/org/customer-b/project/3862e69c-b414-48b0-932e-cb4d59e4416c
customer-b,058d8c31-2bb9-4bac-84d8-03516b798457,org.springframework.boot:spring-boot-starter-web@3.1.5,org.springframework.boot:spring-boot-starter-web,3.1.5,3.4.4,2025-03-21T03:14:03.000Z,2014-04-01T12:59:37.000Z,false,Apache-2.0 license,joe-shope/WebGoat(main):pom.xml,3862e69c-b414-48b0-932e-cb4d59e4416c,https://app.snyk.io/org/customer-b/project/3862e69c-b414-48b0-932e-cb4d59e4416c
customer-b,058d8c31-2bb9-4bac-84d8-03516b798457,org.springframework.data:spring-data-commons@3.1.5,org.springframework.data:spring-data-commons,3.1.5,3.4.4,2025-03-14T07:25:16.000Z,2013-02-07T13:15:03.000Z,false,Apache-2.0 license,joe-shope/WebGoat(main):pom.xml,3862e69c-b414-48b0-932e-cb4d59e4416c,https://app.snyk.io/org/customer-b/project/3862e69c-b414-48b0-932e-cb4d59e4416c
customer-b,058d8c31-2bb9-4bac-84d8-03516b798457,org.springframework.data:spring-data-jpa@3.1.5,org.springframework.data:spring-data-jpa,3.1.5,3.4.4,2025-03-14T07:29:50.000Z,2011-07-21T22:51:18.000Z,false,Apache-2.0 license,joe-shope/WebGoat(main):pom.xml,3862e69c-b414-48b0-932e-cb4d59e4416c,https://app.snyk.io/org/customer-b/project/3862e69c-b414-48b0-932e-cb4d59e4416c
customer-b,058d8c31-2bb9-4bac-84d8-03516b798457,org.springframework.security:spring-security-config@6.1.5,org.springframework.security:spring-security-config,6.1.5,6.4.4,2025-03-17T21:19:11.000Z,2009-12-23T00:04:42.000Z,false,Apache-2.0 license,joe-shope/WebGoat(main):pom.xml,3862e69c-b414-48b0-932e-cb4d59e4416c,https://app.snyk.io/org/customer-b/project/3862e69c-b414-48b0-932e-cb4d59e4416c
customer-b,058d8c31-2bb9-4bac-84d8-03516b798457,org.springframework.security:spring-security-core@6.1.5,org.springframework.security:spring-security-core,6.1.5,6.4.4,2025-03-17T21:18:57.000Z,2008-04-14T13:34:28.000Z,false,Apache-2.0 license,joe-shope/WebGoat(main):pom.xml,3862e69c-b414-48b0-932e-cb4d59e4416c,https://app.snyk.io/org/customer-b/project/3862e69c-b414-48b0-932e-cb4d59e4416c
customer-b,058d8c31-2bb9-4bac-84d8-03516b798457,org.springframework.security:spring-security-crypto@6.1.5,org.springframework.security:spring-security-crypto,6.1.5,6.4.4,2025-03-17T21:18:57.000Z,2011-12-07T00:10:09.000Z,false,Apache-2.0 license,joe-shope/WebGoat(main):pom.xml,3862e69c-b414-48b0-932e-cb4d59e4416c,https://app.snyk.io/org/customer-b/project/3862e69c-b414-48b0-932e-cb4d59e4416c
customer-b,058d8c31-2bb9-4bac-84d8-03516b798457,org.springframework.security:spring-security-oauth2-client@6.1.5,org.springframework.security:spring-security-oauth2-client,6.1.5,6.4.4,2025-03-17T21:19:06.000Z,2017-11-27T20:09:49.000Z,false,Apache-2.0 license,joe-shope/WebGoat(main):pom.xml,3862e69c-b414-48b0-932e-cb4d59e4416c,https://app.snyk.io/org/customer-b/project/3862e69c-b414-48b0-932e-cb4d59e4416c
customer-b,058d8c31-2bb9-4bac-84d8-03516b798457,org.springframework.security:spring-security-oauth2-core@6.1.5,org.springframework.security:spring-security-oauth2-core,6.1.5,6.4.4,2025-03-17T21:19:01.000Z,2017-11-27T20:10:09.000Z,false,Apache-2.0 license,joe-shope/WebGoat(main):pom.xml,3862e69c-b414-48b0-932e-cb4d59e4416c,https://app.snyk.io/org/customer-b/project/3862e69c-b414-48b0-932e-cb4d59e4416c
customer-b,058d8c31-2bb9-4bac-84d8-03516b798457,org.springframework.security:spring-security-oauth2-jose@6.1.5,org.springframework.security:spring-security-oauth2-jose,6.1.5,6.4.4,2025-03-17T21:19:07.000Z,2017-11-27T20:10:20.000Z,false,Apache-2.0 license,joe-shope/WebGoat(main):pom.xml,3862e69c-b414-48b0-932e-cb4d59e4416c,https://app.snyk.io/org/customer-b/project/3862e69c-b414-48b0-932e-cb4d59e4416c
customer-b,058d8c31-2bb9-4bac-84d8-03516b798457,org.springframework.security:spring-security-web@6.1.5,org.springframework.security:spring-security-web,6.1.5,6.4.4,2025-03-17T21:19:08.000Z,2009-12-23T00:03:50.000Z,false,Apache-2.0 license,joe-shope/WebGoat(main):pom.xml,3862e69c-b414-48b0-932e-cb4d59e4416c,https://app.snyk.io/org/customer-b/project/3862e69c-b414-48b0-932e-cb4d59e4416c
customer-b,058d8c31-2bb9-4bac-84d8-03516b798457,org.springframework:spring-aop@6.0.13,org.springframework:spring-aop,6.0.13,6.2.6,2025-04-17T07:39:45.000Z,2005-11-26T01:01:09.000Z,false,Apache-2.0 license,joe-shope/WebGoat(main):pom.xml,3862e69c-b414-48b0-932e-cb4d59e4416c,https://app.snyk.io/org/customer-b/project/3862e69c-b414-48b0-932e-cb4d59e4416c
customer-b,058d8c31-2bb9-4bac-84d8-03516b798457,org.springframework:spring-aspects@6.0.13,org.springframework:spring-aspects,6.0.13,6.2.6,2025-04-17T07:39:39.000Z,2005-12-23T16:37:20.000Z,false,Apache-2.0 license,joe-shope/WebGoat(main):pom.xml,3862e69c-b414-48b0-932e-cb4d59e4416c,https://app.snyk.io/org/customer-b/project/3862e69c-b414-48b0-932e-cb4d59e4416c
customer-b,058d8c31-2bb9-4bac-84d8-03516b798457,org.springframework:spring-beans@6.0.13,org.springframework:spring-beans,6.0.13,6.2.6,2025-04-17T07:39:30.000Z,2005-11-26T01:01:14.000Z,false,Apache-2.0 license,joe-shope/WebGoat(main):pom.xml,3862e69c-b414-48b0-932e-cb4d59e4416c,https://app.snyk.io/org/customer-b/project/3862e69c-b414-48b0-932e-cb4d59e4416c
customer-b,058d8c31-2bb9-4bac-84d8-03516b798457,org.springframework:spring-context@6.0.13,org.springframework:spring-context,6.0.13,6.2.6,2025-04-17T07:39:18.000Z,2005-11-26T01:01:21.000Z,false,Apache-2.0 license,joe-shope/WebGoat(main):pom.xml,3862e69c-b414-48b0-932e-cb4d59e4416c,https://app.snyk.io/org/customer-b/project/3862e69c-b414-48b0-932e-cb4d59e4416c
customer-b,058d8c31-2bb9-4bac-84d8-03516b798457,org.springframework:spring-core@6.0.13,org.springframework:spring-core,6.0.13,6.2.6,2025-04-17T07:38:59.000Z,2005-11-26T01:01:23.000Z,false,Apache-2.0 license,joe-shope/WebGoat(main):pom.xml,3862e69c-b414-48b0-932e-cb4d59e4416c,https://app.snyk.io/org/customer-b/project/3862e69c-b414-48b0-932e-cb4d59e4416c
customer-b,058d8c31-2bb9-4bac-84d8-03516b798457,org.springframework:spring-expression@6.0.13,org.springframework:spring-expression,6.0.13,6.2.6,2025-04-17T07:38:47.000Z,2009-12-17T00:07:53.000Z,false,Apache-2.0 license,joe-shope/WebGoat(main):pom.xml,3862e69c-b414-48b0-932e-cb4d59e4416c,https://app.snyk.io/org/customer-b/project/3862e69c-b414-48b0-932e-cb4d59e4416c
customer-b,058d8c31-2bb9-4bac-84d8-03516b798457,org.springframework:spring-jcl@6.0.13,org.springframework:spring-jcl,6.0.13,6.2.6,2025-04-17T07:38:33.000Z,2017-09-28T12:15:32.000Z,false,Apache-2.0 license,joe-shope/WebGoat(main):pom.xml,3862e69c-b414-48b0-932e-cb4d59e4416c,https://app.snyk.io/org/customer-b/project/3862e69c-b414-48b0-932e-cb4d59e4416c
customer-b,058d8c31-2bb9-4bac-84d8-03516b798457,org.springframework:spring-jdbc@6.0.13,org.springframework:spring-jdbc,6.0.13,6.2.6,2025-04-17T07:38:27.000Z,2005-11-26T01:01:28.000Z,false,Apache-2.0 license,joe-shope/WebGoat(main):pom.xml,3862e69c-b414-48b0-932e-cb4d59e4416c,https://app.snyk.io/org/customer-b/project/3862e69c-b414-48b0-932e-cb4d59e4416c
customer-b,058d8c31-2bb9-4bac-84d8-03516b798457,org.springframework:spring-orm@6.0.13,org.springframework:spring-orm,6.0.13,6.2.6,2025-04-17T07:38:08.000Z,2005-11-26T01:01:29.000Z,false,Apache-2.0 license,joe-shope/WebGoat(main):pom.xml,3862e69c-b414-48b0-932e-cb4d59e4416c,https://app.snyk.io/org/customer-b/project/3862e69c-b414-48b0-932e-cb4d59e4416c
customer-b,058d8c31-2bb9-4bac-84d8-03516b798457,org.springframework:spring-tx@6.0.13,org.springframework:spring-tx,6.0.13,6.2.6,2025-04-17T07:37:43.000Z,2007-11-20T02:49:16.000Z,false,Apache-2.0 license,joe-shope/WebGoat(main):pom.xml,3862e69c-b414-48b0-932e-cb4d59e4416c,https://app.snyk.io/org/customer-b/project/3862e69c-b414-48b0-932e-cb4d59e4416c
customer-b,058d8c31-2bb9-4bac-84d8-03516b798457,org.springframework:spring-web@6.0.13,org.springframework:spring-web,6.0.13,6.2.6,2025-04-17T07:37:36.000Z,2005-11-26T01:01:36.000Z,false,Apache-2.0 license,joe-shope/WebGoat(main):pom.xml,3862e69c-b414-48b0-932e-cb4d59e4416c,https://app.snyk.io/org/customer-b/project/3862e69c-b414-48b0-932e-cb4d59e4416c
customer-b,058d8c31-2bb9-4bac-84d8-03516b798457,org.springframework:spring-webmvc@6.0.13,org.springframework:spring-webmvc,6.0.13,6.2.6,2025-04-17T07:37:20.000Z,2005-11-26T01:01:38.000Z,false,Apache-2.0 license,joe-shope/WebGoat(main):pom.xml,3862e69c-b414-48b0-932e-cb4d59e4416c,https://app.snyk.io/org/customer-b/project/3862e69c-b414-48b0-932e-cb4d59e4416c
customer-b,058d8c31-2bb9-4bac-84d8-03516b798457,org.thymeleaf.extras:thymeleaf-extras-springsecurity6@3.1.2.RELEASE,org.thymeleaf.extras:thymeleaf-extras-springsecurity6,3.1.2.RELEASE,3.1.3.RELEASE,2024-12-08T21:32:17.000Z,2022-01-18T09:48:39.000Z,false,Apache-2.0 license,joe-shope/WebGoat(main):pom.xml,3862e69c-b414-48b0-932e-cb4d59e4416c,https://app.snyk.io/org/customer-b/project/3862e69c-b414-48b0-932e-cb4d59e4416c
customer-b,058d8c31-2bb9-4bac-84d8-03516b798457,org.thymeleaf:thymeleaf@3.1.1.RELEASE,org.thymeleaf:thymeleaf,3.1.1.RELEASE,3.1.3.RELEASE,2024-12-08T21:31:30.000Z,2011-04-07T13:26:05.000Z,false,Apache-2.0 license,joe-shope/WebGoat(main):pom.xml,3862e69c-b414-48b0-932e-cb4d59e4416c,https://app.snyk.io/org/customer-b/project/3862e69c-b414-48b0-932e-cb4d59e4416c
customer-b,058d8c31-2bb9-4bac-84d8-03516b798457,org.thymeleaf:thymeleaf-spring6@3.1.1.RELEASE,org.thymeleaf:thymeleaf-spring6,3.1.1.RELEASE,3.1.3.RELEASE,2024-12-08T21:31:59.000Z,2022-01-18T01:47:05.000Z,false,Apache-2.0 license,joe-shope/WebGoat(main):pom.xml,3862e69c-b414-48b0-932e-cb4d59e4416c,https://app.snyk.io/org/customer-b/project/3862e69c-b414-48b0-932e-cb4d59e4416c
customer-b,058d8c31-2bb9-4bac-84d8-03516b798457,org.unbescape:unbescape@1.1.6.RELEASE,org.unbescape:unbescape,1.1.6.RELEASE,1.1.6.RELEASE,2018-03-30T17:05:53.000Z,2014-04-09T22:47:25.000Z,false,Apache-2.0 license,joe-shope/WebGoat(main):pom.xml,3862e69c-b414-48b0-932e-cb4d59e4416c,https://app.snyk.io/org/customer-b/project/3862e69c-b414-48b0-932e-cb4d59e4416c
customer-b,058d8c31-2bb9-4bac-84d8-03516b798457,org.webjars:bootstrap@5.3.2,org.webjars:bootstrap,5.3.2,5.3.5,2025-04-11T05:13:39.000Z,2012-10-16T21:32:11.000Z,false,Apache-2.0 license,joe-shope/WebGoat(main):pom.xml,3862e69c-b414-48b0-932e-cb4d59e4416c,https://app.snyk.io/org/customer-b/project/3862e69c-b414-48b0-932e-cb4d59e4416c
customer-b,058d8c31-2bb9-4bac-84d8-03516b798457,org.webjars:jquery@3.7.0,org.webjars:jquery,3.7.0,3.7.1,2023-08-29T19:45:31.000Z,2012-10-15T17:00:21.000Z,false,MIT license,joe-shope/WebGoat(main):pom.xml,3862e69c-b414-48b0-932e-cb4d59e4416c,https://app.snyk.io/org/customer-b/project/3862e69c-b414-48b0-932e-cb4d59e4416c
customer-b,058d8c31-2bb9-4bac-84d8-03516b798457,org.webjars:webjars-locator-core@0.53,org.webjars:webjars-locator-core,0.53,0.59,2024-06-08T00:11:50.000Z,2015-03-02T23:52:46.000Z,false,MIT license,joe-shope/WebGoat(main):pom.xml,3862e69c-b414-48b0-932e-cb4d59e4416c,https://app.snyk.io/org/customer-b/project/3862e69c-b414-48b0-932e-cb4d59e4416c
customer-b,058d8c31-2bb9-4bac-84d8-03516b798457,org.wildfly.client:wildfly-client-config@1.0.1.Final,org.wildfly.client:wildfly-client-config,1.0.1.Final,1.0.1.Final,2018-08-24T13:27:41.000Z,2015-02-09T17:01:12.000Z,false,Apache-2.0 license,joe-shope/WebGoat(main):pom.xml,3862e69c-b414-48b0-932e-cb4d59e4416c,https://app.snyk.io/org/customer-b/project/3862e69c-b414-48b0-932e-cb4d59e4416c
customer-b,058d8c31-2bb9-4bac-84d8-03516b798457,org.wildfly.common:wildfly-common@1.5.4.Final,org.wildfly.common:wildfly-common,1.5.4.Final,2.0.1,2024-09-25T13:47:21.000Z,2015-02-20T16:32:48.000Z,false,Apache-2.0 license,joe-shope/WebGoat(main):pom.xml,3862e69c-b414-48b0-932e-cb4d59e4416c,https://app.snyk.io/org/customer-b/project/3862e69c-b414-48b0-932e-cb4d59e4416c
customer-b,058d8c31-2bb9-4bac-84d8-03516b798457,org.yaml:snakeyaml@1.33,org.yaml:snakeyaml,1.33,2.4,2025-02-15T10:54:36.000Z,2009-08-26T12:57:36.000Z,false,Apache-2.0 license,joe-shope/WebGoat(main):pom.xml,3862e69c-b414-48b0-932e-cb4d59e4416c,https://app.snyk.io/org/customer-b/project/3862e69c-b414-48b0-932e-cb4d59e4416c
customer-b,058d8c31-2bb9-4bac-84d8-03516b798457,xmlpull:xmlpull@1.1.3.1,xmlpull:xmlpull,1.1.3.1,1.1.3.4d_b4_min,2010-10-26T19:25:51.000Z,2003-06-17T00:03:58.000Z,false,Public-Domain license,joe-shope/WebGoat(main):pom.xml,3862e69c-b414-48b0-932e-cb4d59e4416c,https://app.snyk.io/org/customer-b/project/3862e69c-b414-48b0-932e-cb4d59e4416c
customer-b,058d8c31-2bb9-4bac-84d8-03516b798457,xml-resolver:xml-resolver@1.2,xml-resolver:xml-resolver,1.2,1.2,2016-01-02T02:41:33.000Z,2016-01-02T02:41:32.000Z,false,Apache-2.0 license,joe-shope/WebGoat(main):pom.xml,3862e69c-b414-48b0-932e-cb4d59e4416c,https://app.snyk.io/org/customer-b/project/3862e69c-b414-48b0-932e-cb4d59e4416c
customer-b,058d8c31-2bb9-4bac-84d8-03516b798457,xpp3:xpp3_min@1.1.4c,xpp3:xpp3_min,1.1.4c,1.1.4c,2007-11-28T06:18:05.000Z,2006-02-18T21:32:16.000Z,false,Public-Domain license,joe-shope/WebGoat(main):pom.xml,3862e69c-b414-48b0-932e-cb4d59e4416c,https://app.snyk.io/org/customer-b/project/3862e69c-b414-48b0-932e-cb4d59e4416c